Feature,Importance
TOTAL_IMPRESSIONS,0.339263602403422
GOOGLE_SHOPPING_SPEND,0.21110336282459874
META_FACEBOOK_SPEND,0.1273952903179962
GOOGLE_PAID_SEARCH_SPEND,0.10316361166360326
GOOGLE_PMAX_SPEND,0.07284661469465081
TOTAL_CLICKS,0.06206773451851832
YEAR,0.021684968943410425
MONTH,0.01971257530589639
META_INSTAGRAM_SPEND,0.012480182911483215
DAY_OF_WEEK,0.010637792995869054
GOOGLE_DISPLAY_SPEND,0.00851357174206708
QUARTER,0.004198606773827471
META_OTHER_SPEND,0.003938622248499567
GOOGLE_VIDEO_SPEND,0.0020531888935040924
TIKTOK_SPEND,0.0009402737626532263
